"year","SSB","Recruit","SPR","F","Depletion","SSB_sd","Recruit_sd","SPR_sd","F_sd","Depletion_sd","lifehistory","iteration","Rest","SigmaR","Fscen","SSBmsy","MSY","Fmsy","max_grad","LN_R0","Selex_peak","Selex_shape","SSB0"
1,45452.3,22026.5,0.9864373,0.00141581,1,NA,NA,NA,NA,0,"short_slow",1,"om","Deterministic","F1",13073.3,2614.07,0.122338,1.36035,10,42,5.1,22726.15
2,45383.9,22021.8,0.9842047,0.00165146,0.998496,NA,NA,NA,NA,NA,"short_slow",1,"om","Deterministic","F1",13073.3,2614.07,0.122338,1.36035,10,42,5.1,22726.15
3,45307.5,22017.8,0.9819799,0.00188699,0.996815,NA,NA,NA,NA,NA,"short_slow",1,"om","Deterministic","F1",13073.3,2614.07,0.122338,1.36035,10,42,5.1,22726.15
4,45224.4,22013.5,0.9797629,0.00212242,0.994987,NA,NA,NA,NA,NA,"short_slow",1,"om","Deterministic","F1",13073.3,2614.07,0.122338,1.36035,10,42,5.1,22726.15
5,45136.2,22008.9,0.9775537,0.00235774,0.993045,NA,NA,NA,NA,NA,"short_slow",1,"om","Deterministic","F1",13073.3,2614.07,0.122338,1.36035,10,42,5.1,22726.15
6,45043.9,22004,0.9753522,0.00259297,0.991016,NA,NA,NA,NA,NA,"short_slow",1,"om","Deterministic","F1",13073.3,2614.07,0.122338,1.36035,10,42,5.1,22726.15
7,44948.6,21999,0.9731584,0.00282809,0.988918,NA,NA,NA,NA,NA,"short_slow",1,"om","Deterministic","F1",13073.3,2614.07,0.122338,1.36035,10,42,5.1,22726.15
8,44850.8,21993.8,0.9709723,0.00306312,0.986767,NA,NA,NA,NA,NA,"short_slow",1,"om","Deterministic","F1",13073.3,2614.07,0.122338,1.36035,10,42,5.1,22726.15
9,44751,21988.5,0.9687937,0.00329804,0.984571,NA,NA,NA,NA,NA,"short_slow",1,"om","Deterministic","F1",13073.3,2614.07,0.122338,1.36035,10,42,5.1,22726.15
10,44649.7,21983,0.9666228,0.00353286,0.982341,NA,NA,NA,NA,NA,"short_slow",1,"om","Deterministic","F1",13073.3,2614.07,0.122338,1.36035,10,42,5.1,22726.15
11,44547,21977.5,0.9644595,0.00376758,0.980082,NA,NA,NA,NA,NA,"short_slow",1,"om","Deterministic","F1",13073.3,2614.07,0.122338,1.36035,10,42,5.1,22726.15
12,44443.3,21971.9,0.9623036,0.00400219,0.9778,NA,NA,NA,NA,NA,"short_slow",1,"om","Deterministic","F1",13073.3,2614.07,0.122338,1.36035,10,42,5.1,22726.15
13,44338.7,21966.3,0.9601552,0.0042367,0.975499,NA,NA,NA,NA,NA,"short_slow",1,"om","Deterministic","F1",13073.3,2614.07,0.122338,1.36035,10,42,5.1,22726.15
14,44233.4,21960.5,0.9580143,0.00447111,0.973182,NA,NA,NA,NA,NA,"short_slow",1,"om","Deterministic","F1",13073.3,2614.07,0.122338,1.36035,10,42,5.1,22726.15
15,44127.5,21954.7,0.9558807,0.00470541,0.970853,NA,NA,NA,NA,NA,"short_slow",1,"om","Deterministic","F1",13073.3,2614.07,0.122338,1.36035,10,42,5.1,22726.15
16,44021.2,21948.9,0.9537546,0.00493961,0.968515,NA,NA,NA,NA,NA,"short_slow",1,"om","Deterministic","F1",13073.3,2614.07,0.122338,1.36035,10,42,5.1,22726.15
17,43914.6,21943,0.9516358,0.0051737,0.966169,NA,NA,NA,NA,NA,"short_slow",1,"om","Deterministic","F1",13073.3,2614.07,0.122338,1.36035,10,42,5.1,22726.15
18,43807.7,21937.1,0.9495243,0.00540769,0.963817,NA,NA,NA,NA,NA,"short_slow",1,"om","Deterministic","F1",13073.3,2614.07,0.122338,1.36035,10,42,5.1,22726.15
19,43700.7,21931.2,0.94742,0.00564158,0.961462,NA,NA,NA,NA,NA,"short_slow",1,"om","Deterministic","F1",13073.3,2614.07,0.122338,1.36035,10,42,5.1,22726.15
20,43593.5,21925.2,0.945323,0.00587536,0.959105,NA,NA,NA,NA,NA,"short_slow",1,"om","Deterministic","F1",13073.3,2614.07,0.122338,1.36035,10,42,5.1,22726.15
21,43486.3,21919.2,0.9432332,0.00610903,0.956747,NA,NA,NA,NA,NA,"short_slow",1,"om","Deterministic","F1",13073.3,2614.07,0.122338,1.36035,10,42,5.1,22726.15
22,43379.2,21913.2,0.9411506,0.0063426,0.954388,NA,NA,NA,NA,NA,"short_slow",1,"om","Deterministic","F1",13073.3,2614.07,0.122338,1.36035,10,42,5.1,22726.15
23,43272,21907.1,0.9390751,0.00657607,0.952031,NA,NA,NA,NA,NA,"short_slow",1,"om","Deterministic","F1",13073.3,2614.07,0.122338,1.36035,10,42,5.1,22726.15
24,43165,21901,0.9370067,0.00680943,0.949676,NA,NA,NA,NA,NA,"short_slow",1,"om","Deterministic","F1",13073.3,2614.07,0.122338,1.36035,10,42,5.1,22726.15
25,43058.1,21894.9,0.9349454,0.00704269,0.947324,NA,NA,NA,NA,NA,"short_slow",1,"om","Deterministic","F1",13073.3,2614.07,0.122338,1.36035,10,42,5.1,22726.15
26,42951.3,21888.8,0.9349454,0.00704198,0.944975,NA,NA,NA,NA,NA,"short_slow",1,"om","Deterministic","F1",13073.3,2614.07,0.122338,1.36035,10,42,5.1,22726.15
27,42855.4,21883.3,0.857311,0.0164312,0.942866,NA,NA,NA,NA,NA,"short_slow",1,"om","Deterministic","F1",13073.3,2614.07,0.122338,1.36035,10,42,5.1,22726.15
28,42341.5,21853.3,0.789244,0.0257159,0.931559,NA,NA,NA,NA,NA,"short_slow",1,"om","Deterministic","F1",13073.3,2614.07,0.122338,1.36035,10,42,5.1,22726.15
29,41443.6,21799.4,0.72921,0.034883,0.911804,NA,NA,NA,NA,NA,"short_slow",1,"om","Deterministic","F1",13073.3,2614.07,0.122338,1.36035,10,42,5.1,22726.15
30,40211.9,21722.1,0.675972,0.0439212,0.884706,NA,NA,NA,NA,NA,"short_slow",1,"om","Deterministic","F1",13073.3,2614.07,0.122338,1.36035,10,42,5.1,22726.15
31,38708,21621.7,0.628529,0.0528224,0.851618,NA,NA,NA,NA,NA,"short_slow",1,"om","Deterministic","F1",13073.3,2614.07,0.122338,1.36035,10,42,5.1,22726.15
32,36998,21499,0.586056,0.0615806,0.813997,NA,NA,NA,NA,NA,"short_slow",1,"om","Deterministic","F1",13073.3,2614.07,0.122338,1.36035,10,42,5.1,22726.15
33,35147.1,21354.5,0.547875,0.0701917,0.773274,NA,NA,NA,NA,NA,"short_slow",1,"om","Deterministic","F1",13073.3,2614.07,0.122338,1.36035,10,42,5.1,22726.15
34,33214.7,21188.9,0.513417,0.0786525,0.73076,NA,NA,NA,NA,NA,"short_slow",1,"om","Deterministic","F1",13073.3,2614.07,0.122338,1.36035,10,42,5.1,22726.15
35,31252.6,21002.9,0.482209,0.0869611,0.687591,NA,NA,NA,NA,NA,"short_slow",1,"om","Deterministic","F1",13073.3,2614.07,0.122338,1.36035,10,42,5.1,22726.15
36,29303.4,20797.4,0.453849,0.0951164,0.644707,NA,NA,NA,NA,NA,"short_slow",1,"om","Deterministic","F1",13073.3,2614.07,0.122338,1.36035,10,42,5.1,22726.15
37,27400.6,20573.2,0.427996,0.103118,0.602842,NA,NA,NA,NA,NA,"short_slow",1,"om","Deterministic","F1",13073.3,2614.07,0.122338,1.36035,10,42,5.1,22726.15
38,25568.9,20331.4,0.404361,0.110967,0.562544,NA,NA,NA,NA,NA,"short_slow",1,"om","Deterministic","F1",13073.3,2614.07,0.122338,1.36035,10,42,5.1,22726.15
39,23825.5,20073.2,0.382693,0.118665,0.524186,NA,NA,NA,NA,NA,"short_slow",1,"om","Deterministic","F1",13073.3,2614.07,0.122338,1.36035,10,42,5.1,22726.15
40,22180.8,19799.7,0.362777,0.126214,0.488001,NA,NA,NA,NA,NA,"short_slow",1,"om","Deterministic","F1",13073.3,2614.07,0.122338,1.36035,10,42,5.1,22726.15
41,20640,19512.2,0.344428,0.133617,0.454102,NA,NA,NA,NA,NA,"short_slow",1,"om","Deterministic","F1",13073.3,2614.07,0.122338,1.36035,10,42,5.1,22726.15
42,19204.1,19211.9,0.327484,0.140878,0.422512,NA,NA,NA,NA,NA,"short_slow",1,"om","Deterministic","F1",13073.3,2614.07,0.122338,1.36035,10,42,5.1,22726.15
43,17871.2,18900.1,0.311802,0.148,0.393186,NA,NA,NA,NA,NA,"short_slow",1,"om","Deterministic","F1",13073.3,2614.07,0.122338,1.36035,10,42,5.1,22726.15
44,16637.1,18577.9,0.29726,0.154987,0.366034,NA,NA,NA,NA,NA,"short_slow",1,"om","Deterministic","F1",13073.3,2614.07,0.122338,1.36035,10,42,5.1,22726.15
45,15496.4,18246.3,0.283748,0.161842,0.340937,NA,NA,NA,NA,NA,"short_slow",1,"om","Deterministic","F1",13073.3,2614.07,0.122338,1.36035,10,42,5.1,22726.15
46,14442.8,17906.2,0.27117,0.168571,0.317758,NA,NA,NA,NA,NA,"short_slow",1,"om","Deterministic","F1",13073.3,2614.07,0.122338,1.36035,10,42,5.1,22726.15
47,13470,17558.6,0.25944,0.175176,0.296355,NA,NA,NA,NA,NA,"short_slow",1,"om","Deterministic","F1",13073.3,2614.07,0.122338,1.36035,10,42,5.1,22726.15
48,12571.4,17204.2,0.248484,0.181662,0.276585,NA,NA,NA,NA,NA,"short_slow",1,"om","Deterministic","F1",13073.3,2614.07,0.122338,1.36035,10,42,5.1,22726.15
49,11740.9,16843.7,0.238234,0.188033,0.258312,NA,NA,NA,NA,NA,"short_slow",1,"om","Deterministic","F1",13073.3,2614.07,0.122338,1.36035,10,42,5.1,22726.15
50,10972.4,16477.6,0.228629,0.194291,0.241405,NA,NA,NA,NA,NA,"short_slow",1,"om","Deterministic","F1",13073.3,2614.07,0.122338,1.36035,10,42,5.1,22726.15
51,10260.7,16106.7,0.219617,0.200442,0.225747,NA,NA,NA,NA,NA,"short_slow",1,"om","Deterministic","F1",13073.3,2614.07,0.122338,1.36035,10,42,5.1,22726.15
52,9600.69,15731.3,0.211148,0.206489,0.211226,NA,NA,NA,NA,NA,"short_slow",1,"om","Deterministic","F1",13073.3,2614.07,0.122338,1.36035,10,42,5.1,22726.15
53,8987.82,15352.1,0.203179,0.212434,0.197742,NA,NA,NA,NA,NA,"short_slow",1,"om","Deterministic","F1",13073.3,2614.07,0.122338,1.36035,10,42,5.1,22726.15
54,8417.97,14969.4,0.195672,0.218282,0.185205,NA,NA,NA,NA,NA,"short_slow",1,"om","Deterministic","F1",13073.3,2614.07,0.122338,1.36035,10,42,5.1,22726.15
55,7887.42,14583.7,0.18859,0.224036,0.173532,NA,NA,NA,NA,NA,"short_slow",1,"om","Deterministic","F1",13073.3,2614.07,0.122338,1.36035,10,42,5.1,22726.15
56,7392.82,14195.4,0.18859,0.223132,0.16265,NA,NA,NA,NA,NA,"short_slow",1,"om","Deterministic","F1",13073.3,2614.07,0.122338,1.36035,10,42,5.1,22726.15
57,6992.98,13859,0.18859,0.222451,0.153853,NA,NA,NA,NA,NA,"short_slow",1,"om","Deterministic","F1",13073.3,2614.07,0.122338,1.36035,10,42,5.1,22726.15
58,6666.86,13568.2,0.18859,0.221961,0.146678,NA,NA,NA,NA,NA,"short_slow",1,"om","Deterministic","F1",13073.3,2614.07,0.122338,1.36035,10,42,5.1,22726.15
59,6396.09,13314.6,0.18859,0.221583,0.140721,NA,NA,NA,NA,NA,"short_slow",1,"om","Deterministic","F1",13073.3,2614.07,0.122338,1.36035,10,42,5.1,22726.15
60,6165.78,13089.5,0.18859,0.221247,0.135654,NA,NA,NA,NA,NA,"short_slow",1,"om","Deterministic","F1",13073.3,2614.07,0.122338,1.36035,10,42,5.1,22726.15
61,5965.48,12886.4,0.18859,0.220922,0.131247,NA,NA,NA,NA,NA,"short_slow",1,"om","Deterministic","F1",13073.3,2614.07,0.122338,1.36035,10,42,5.1,22726.15
62,5788.93,12701.4,0.196372,0.213416,0.127363,NA,NA,NA,NA,NA,"short_slow",1,"om","Deterministic","F1",13073.3,2614.07,0.122338,1.36035,10,42,5.1,22726.15
63,5686.86,12591.8,0.204669,0.206107,0.125117,NA,NA,NA,NA,NA,"short_slow",1,"om","Deterministic","F1",13073.3,2614.07,0.122338,1.36035,10,42,5.1,22726.15
64,5646.97,12548.4,0.213529,0.198934,0.124239,NA,NA,NA,NA,NA,"short_slow",1,"om","Deterministic","F1",13073.3,2614.07,0.122338,1.36035,10,42,5.1,22726.15
65,5658.52,12561,0.223004,0.191799,0.124494,NA,NA,NA,NA,NA,"short_slow",1,"om","Deterministic","F1",13073.3,2614.07,0.122338,1.36035,10,42,5.1,22726.15
66,5712.86,12619.9,0.233153,0.184626,0.125689,NA,NA,NA,NA,NA,"short_slow",1,"om","Deterministic","F1",13073.3,2614.07,0.122338,1.36035,10,42,5.1,22726.15
67,5804.59,12718.1,0.244044,0.177386,0.127707,NA,NA,NA,NA,NA,"short_slow",1,"om","Deterministic","F1",13073.3,2614.07,0.122338,1.36035,10,42,5.1,22726.15
68,5931.62,12851.4,0.25575,0.17008,0.130502,NA,NA,NA,NA,NA,"short_slow",1,"om","Deterministic","F1",13073.3,2614.07,0.122338,1.36035,10,42,5.1,22726.15
69,6094.05,13017.6,0.268358,0.162712,0.134076,NA,NA,NA,NA,NA,"short_slow",1,"om","Deterministic","F1",13073.3,2614.07,0.122338,1.36035,10,42,5.1,22726.15
70,6293.02,13214.9,0.281963,0.155283,0.138453,NA,NA,NA,NA,NA,"short_slow",1,"om","Deterministic","F1",13073.3,2614.07,0.122338,1.36035,10,42,5.1,22726.15
71,6530.05,13441.5,0.296675,0.147787,0.143668,NA,NA,NA,NA,NA,"short_slow",1,"om","Deterministic","F1",13073.3,2614.07,0.122338,1.36035,10,42,5.1,22726.15
72,6806.94,13695,0.312619,0.140212,0.14976,NA,NA,NA,NA,NA,"short_slow",1,"om","Deterministic","F1",13073.3,2614.07,0.122338,1.36035,10,42,5.1,22726.15
73,7125.8,13973.1,0.329938,0.13255,0.156775,NA,NA,NA,NA,NA,"short_slow",1,"om","Deterministic","F1",13073.3,2614.07,0.122338,1.36035,10,42,5.1,22726.15
74,7489.22,14273.4,0.348799,0.124791,0.164771,NA,NA,NA,NA,NA,"short_slow",1,"om","Deterministic","F1",13073.3,2614.07,0.122338,1.36035,10,42,5.1,22726.15
75,7900.29,14593.4,0.369392,0.116926,0.173815,NA,NA,NA,NA,NA,"short_slow",1,"om","Deterministic","F1",13073.3,2614.07,0.122338,1.36035,10,42,5.1,22726.15
76,8362.73,14930.6,0.391939,0.108947,0.183989,NA,NA,NA,NA,NA,"short_slow",1,"om","Deterministic","F1",13073.3,2614.07,0.122338,1.36035,10,42,5.1,22726.15
77,8880.85,15282.6,0.4167,0.100846,0.195388,NA,NA,NA,NA,NA,"short_slow",1,"om","Deterministic","F1",13073.3,2614.07,0.122338,1.36035,10,42,5.1,22726.15
78,9459.58,15646.8,0.443978,0.092615,0.208121,NA,NA,NA,NA,NA,"short_slow",1,"om","Deterministic","F1",13073.3,2614.07,0.122338,1.36035,10,42,5.1,22726.15
79,10104.6,16020.8,0.474133,0.0842455,0.222312,NA,NA,NA,NA,NA,"short_slow",1,"om","Deterministic","F1",13073.3,2614.07,0.122338,1.36035,10,42,5.1,22726.15
80,10822.2,16402,0.507589,0.0757296,0.2381,NA,NA,NA,NA,NA,"short_slow",1,"om","Deterministic","F1",13073.3,2614.07,0.122338,1.36035,10,42,5.1,22726.15
81,11619.7,16788.1,0.507589,0.0760786,0.255645,NA,NA,NA,NA,NA,"short_slow",1,"om","Deterministic","F1",13073.3,2614.07,0.122338,1.36035,10,42,5.1,22726.15
82,12377.5,17123,0.507589,0.0763652,0.272319,NA,NA,NA,NA,NA,"short_slow",1,"om","Deterministic","F1",13073.3,2614.07,0.122338,1.36035,10,42,5.1,22726.15
83,13089.6,17412.8,0.507589,0.0765975,0.287985,NA,NA,NA,NA,NA,"short_slow",1,"om","Deterministic","F1",13073.3,2614.07,0.122338,1.36035,10,42,5.1,22726.15
84,13754.4,17663.9,0.507589,0.0767918,0.302612,NA,NA,NA,NA,NA,"short_slow",1,"om","Deterministic","F1",13073.3,2614.07,0.122338,1.36035,10,42,5.1,22726.15
85,14373.6,17882.6,0.507589,0.0769631,0.316236,NA,NA,NA,NA,NA,"short_slow",1,"om","Deterministic","F1",13073.3,2614.07,0.122338,1.36035,10,42,5.1,22726.15
86,14950,18074.3,0.507589,0.0771192,0.328917,NA,NA,NA,NA,NA,"short_slow",1,"om","Deterministic","F1",13073.3,2614.07,0.122338,1.36035,10,42,5.1,22726.15
87,15485.5,18242.9,0.507589,0.0772625,0.340697,NA,NA,NA,NA,NA,"short_slow",1,"om","Deterministic","F1",13073.3,2614.07,0.122338,1.36035,10,42,5.1,22726.15
88,15981,18391.5,0.507589,0.0773928,0.351599,NA,NA,NA,NA,NA,"short_slow",1,"om","Deterministic","F1",13073.3,2614.07,0.122338,1.36035,10,42,5.1,22726.15
89,16437.3,18522.3,0.507589,0.07751,0.361639,NA,NA,NA,NA,NA,"short_slow",1,"om","Deterministic","F1",13073.3,2614.07,0.122338,1.36035,10,42,5.1,22726.15
90,16855.3,18637.5,0.507589,0.0776144,0.370834,NA,NA,NA,NA,NA,"short_slow",1,"om","Deterministic","F1",13073.3,2614.07,0.122338,1.36035,10,42,5.1,22726.15
91,17236.1,18738.7,0.507589,0.0777068,0.379213,NA,NA,NA,NA,NA,"short_slow",1,"om","Deterministic","F1",13073.3,2614.07,0.122338,1.36035,10,42,5.1,22726.15
92,17581.5,18827.6,0.507589,0.0777883,0.386811,NA,NA,NA,NA,NA,"short_slow",1,"om","Deterministic","F1",13073.3,2614.07,0.122338,1.36035,10,42,5.1,22726.15
93,17893.4,18905.6,0.507589,0.07786,0.393674,NA,NA,NA,NA,NA,"short_slow",1,"om","Deterministic","F1",13073.3,2614.07,0.122338,1.36035,10,42,5.1,22726.15
94,18174.1,18974.1,0.507589,0.077923,0.39985,NA,NA,NA,NA,NA,"short_slow",1,"om","Deterministic","F1",13073.3,2614.07,0.122338,1.36035,10,42,5.1,22726.15
95,18425.9,19034.1,0.507589,0.0779784,0.405391,NA,NA,NA,NA,NA,"short_slow",1,"om","Deterministic","F1",13073.3,2614.07,0.122338,1.36035,10,42,5.1,22726.15
96,18651.3,19086.8,0.507589,0.0780271,0.410348,NA,NA,NA,NA,NA,"short_slow",1,"om","Deterministic","F1",13073.3,2614.07,0.122338,1.36035,10,42,5.1,22726.15
97,18852.4,19133,0.507589,0.0780699,0.414773,NA,NA,NA,NA,NA,"short_slow",1,"om","Deterministic","F1",13073.3,2614.07,0.122338,1.36035,10,42,5.1,22726.15
98,19031.5,19173.5,0.507589,0.0781075,0.418714,NA,NA,NA,NA,NA,"short_slow",1,"om","Deterministic","F1",13073.3,2614.07,0.122338,1.36035,10,42,5.1,22726.15
99,19190.8,19209,0.507589,0.0781404,0.422218,NA,NA,NA,NA,NA,"short_slow",1,"om","Deterministic","F1",13073.3,2614.07,0.122338,1.36035,10,42,5.1,22726.15
100,19332.1,19240.1,0.507589,0.0781694,0.425328,NA,NA,NA,NA,NA,"short_slow",1,"om","Deterministic","F1",13073.3,2614.07,0.122338,1.36035,10,42,5.1,22726.15
1,88718.4,22026.5,0.9868004,0.00161652,1,NA,NA,NA,NA,0,"short_fast",1,"om","Deterministic","F1",26407.4,5132.7,0.15084,1.36035,10,42,5.1,44359.2
2,88571.8,22021.5,0.9846273,0.00188568,0.998347,NA,NA,NA,NA,NA,"short_fast",1,"om","Deterministic","F1",26407.4,5132.7,0.15084,1.36035,10,42,5.1,44359.2
3,88410.2,22017.1,0.9824619,0.00215477,0.996525,NA,NA,NA,NA,NA,"short_fast",1,"om","Deterministic","F1",26407.4,5132.7,0.15084,1.36035,10,42,5.1,44359.2
4,88236.6,22012.5,0.9803039,0.00242382,0.994569,NA,NA,NA,NA,NA,"short_fast",1,"om","Deterministic","F1",26407.4,5132.7,0.15084,1.36035,10,42,5.1,44359.2
5,88054.3,22007.6,0.9781535,0.00269283,0.992515,NA,NA,NA,NA,NA,"short_fast",1,"om","Deterministic","F1",26407.4,5132.7,0.15084,1.36035,10,42,5.1,44359.2
6,87865.8,22002.5,0.9760105,0.00296178,0.99039,NA,NA,NA,NA,NA,"short_fast",1,"om","Deterministic","F1",26407.4,5132.7,0.15084,1.36035,10,42,5.1,44359.2
7,87672.7,21997.3,0.973875,0.00323069,0.988213,NA,NA,NA,NA,NA,"short_fast",1,"om","Deterministic","F1",26407.4,5132.7,0.15084,1.36035,10,42,5.1,44359.2
8,87476.1,21991.9,0.9717468,0.00349956,0.985997,NA,NA,NA,NA,NA,"short_fast",1,"om","Deterministic","F1",26407.4,5132.7,0.15084,1.36035,10,42,5.1,44359.2
9,87276.9,21986.5,0.969626,0.00376837,0.983752,NA,NA,NA,NA,NA,"short_fast",1,"om","Deterministic","F1",26407.4,5132.7,0.15084,1.36035,10,42,5.1,44359.2
10,87075.7,21980.9,0.9675126,0.00403714,0.981484,NA,NA,NA,NA,NA,"short_fast",1,"om","Deterministic","F1",26407.4,5132.7,0.15084,1.36035,10,42,5.1,44359.2
11,86873,21975.4,0.9654064,0.00430585,0.979199,NA,NA,NA,NA,NA,"short_fast",1,"om","Deterministic","F1",26407.4,5132.7,0.15084,1.36035,10,42,5.1,44359.2
12,86669.1,21969.7,0.9633075,0.00457452,0.9769,NA,NA,NA,NA,NA,"short_fast",1,"om","Deterministic","F1",26407.4,5132.7,0.15084,1.36035,10,42,5.1,44359.2
13,86464.3,21964,0.9612158,0.00484313,0.974592,NA,NA,NA,NA,NA,"short_fast",1,"om","Deterministic","F1",26407.4,5132.7,0.15084,1.36035,10,42,5.1,44359.2
14,86258.8,21958.3,0.9591313,0.0051117,0.972276,NA,NA,NA,NA,NA,"short_fast",1,"om","Deterministic","F1",26407.4,5132.7,0.15084,1.36035,10,42,5.1,44359.2
15,86052.8,21952.5,0.9570539,0.00538021,0.969955,NA,NA,NA,NA,NA,"short_fast",1,"om","Deterministic","F1",26407.4,5132.7,0.15084,1.36035,10,42,5.1,44359.2
16,85846.6,21946.7,0.9549836,0.00564868,0.96763,NA,NA,NA,NA,NA,"short_fast",1,"om","Deterministic","F1",26407.4,5132.7,0.15084,1.36035,10,42,5.1,44359.2
17,85640.2,21940.9,0.9529205,0.00591709,0.965304,NA,NA,NA,NA,NA,"short_fast",1,"om","Deterministic","F1",26407.4,5132.7,0.15084,1.36035,10,42,5.1,44359.2
18,85433.8,21935,0.9508644,0.00618545,0.962977,NA,NA,NA,NA,NA,"short_fast",1,"om","Deterministic","F1",26407.4,5132.7,0.15084,1.36035,10,42,5.1,44359.2
19,85227.4,21929.1,0.9488153,0.00645376,0.960651,NA,NA,NA,NA,NA,"short_fast",1,"om","Deterministic","F1",26407.4,5132.7,0.15084,1.36035,10,42,5.1,44359.2
20,85021.2,21923.2,0.9467731,0.00672202,0.958327,NA,NA,NA,NA,NA,"short_fast",1,"om","Deterministic","F1",26407.4,5132.7,0.15084,1.36035,10,42,5.1,44359.2
21,84815.3,21917.3,0.944738,0.00699023,0.956005,NA,NA,NA,NA,NA,"short_fast",1,"om","Deterministic","F1",26407.4,5132.7,0.15084,1.36035,10,42,5.1,44359.2
22,84609.6,21911.4,0.9427097,0.00725839,0.953687,NA,NA,NA,NA,NA,"short_fast",1,"om","Deterministic","F1",26407.4,5132.7,0.15084,1.36035,10,42,5.1,44359.2
23,84404.3,21905.4,0.9406883,0.0075265,0.951372,NA,NA,NA,NA,NA,"short_fast",1,"om","Deterministic","F1",26407.4,5132.7,0.15084,1.36035,10,42,5.1,44359.2
24,84199.3,21899.4,0.9386738,0.00779455,0.949062,NA,NA,NA,NA,NA,"short_fast",1,"om","Deterministic","F1",26407.4,5132.7,0.15084,1.36035,10,42,5.1,44359.2
25,83994.8,21893.5,0.9366661,0.00806256,0.946758,NA,NA,NA,NA,NA,"short_fast",1,"om","Deterministic","F1",26407.4,5132.7,0.15084,1.36035,10,42,5.1,44359.2
26,83790.8,21887.5,0.9366661,0.00806285,0.944458,NA,NA,NA,NA,NA,"short_fast",1,"om","Deterministic","F1",26407.4,5132.7,0.15084,1.36035,10,42,5.1,44359.2
27,83610.1,21882.1,0.860996,0.0188062,0.942421,NA,NA,NA,NA,NA,"short_fast",1,"om","Deterministic","F1",26407.4,5132.7,0.15084,1.36035,10,42,5.1,44359.2
28,82539.8,21850.1,0.794538,0.0294347,0.930357,NA,NA,NA,NA,NA,"short_fast",1,"om","Deterministic","F1",26407.4,5132.7,0.15084,1.36035,10,42,5.1,44359.2
29,80660.1,21792.1,0.735806,0.0399507,0.90917,NA,NA,NA,NA,NA,"short_fast",1,"om","Deterministic","F1",26407.4,5132.7,0.15084,1.36035,10,42,5.1,44359.2
30,78093.5,21708.9,0.683611,0.0503591,0.88024,NA,NA,NA,NA,NA,"short_fast",1,"om","Deterministic","F1",26407.4,5132.7,0.15084,1.36035,10,42,5.1,44359.2
31,74984.1,21601.4,0.636989,0.060666,0.845192,NA,NA,NA,NA,NA,"short_fast",1,"om","Deterministic","F1",26407.4,5132.7,0.15084,1.36035,10,42,5.1,44359.2
32,71479.6,21470.6,0.595152,0.0708777,0.80569,NA,NA,NA,NA,NA,"short_fast",1,"om","Deterministic","F1",26407.4,5132.7,0.15084,1.36035,10,42,5.1,44359.2
33,67719.5,21317.1,0.55745,0.0809998,0.763308,NA,NA,NA,NA,NA,"short_fast",1,"om","Deterministic","F1",26407.4,5132.7,0.15084,1.36035,10,42,5.1,44359.2
34,63827.4,21142,0.523341,0.091037,0.719438,NA,NA,NA,NA,NA,"short_fast",1,"om","Deterministic","F1",26407.4,5132.7,0.15084,1.36035,10,42,5.1,44359.2
35,59907.1,20946,0.492372,0.100993,0.67525,NA,NA,NA,NA,NA,"short_fast",1,"om","Deterministic","F1",26407.4,5132.7,0.15084,1.36035,10,42,5.1,44359.2
36,56041.4,20730.3,0.464161,0.11087,0.631677,NA,NA,NA,NA,NA,"short_fast",1,"om","Deterministic","F1",26407.4,5132.7,0.15084,1.36035,10,42,5.1,44359.2
37,52292.9,20495.7,0.438382,0.120671,0.589426,NA,NA,NA,NA,NA,"short_fast",1,"om","Deterministic","F1",26407.4,5132.7,0.15084,1.36035,10,42,5.1,44359.2
38,48706.2,20243.6,0.414758,0.130395,0.548998,NA,NA,NA,NA,NA,"short_fast",1,"om","Deterministic","F1",26407.4,5132.7,0.15084,1.36035,10,42,5.1,44359.2
39,45310.1,19975,0.393051,0.140043,0.510718,NA,NA,NA,NA,NA,"short_fast",1,"om","Deterministic","F1",26407.4,5132.7,0.15084,1.36035,10,42,5.1,44359.2
40,42120.6,19691.3,0.373055,0.149615,0.474768,NA,NA,NA,NA,NA,"short_fast",1,"om","Deterministic","F1",26407.4,5132.7,0.15084,1.36035,10,42,5.1,44359.2
41,39143.9,19393.8,0.354591,0.159109,0.441215,NA,NA,NA,NA,NA,"short_fast",1,"om","Deterministic","F1",26407.4,5132.7,0.15084,1.36035,10,42,5.1,44359.2
42,36378.5,19083.6,0.337504,0.168525,0.410044,NA,NA,NA,NA,NA,"short_fast",1,"om","Deterministic","F1",26407.4,5132.7,0.15084,1.36035,10,42,5.1,44359.2
43,33817.8,18762,0.321658,0.177861,0.381181,NA,NA,NA,NA,NA,"short_fast",1,"om","Deterministic","F1",26407.4,5132.7,0.15084,1.36035,10,42,5.1,44359.2
44,31451.6,18430,0.306934,0.187116,0.354511,NA,NA,NA,NA,NA,"short_fast",1,"om","Deterministic","F1",26407.4,5132.7,0.15084,1.36035,10,42,5.1,44359.2
45,29267.9,18088.7,0.293227,0.196289,0.329897,NA,NA,NA,NA,NA,"short_fast",1,"om","Deterministic","F1",26407.4,5132.7,0.15084,1.36035,10,42,5.1,44359.2
46,27253.5,17738.9,0.280444,0.205379,0.30719,NA,NA,NA,NA,NA,"short_fast",1,"om","Deterministic","F1",26407.4,5132.7,0.15084,1.36035,10,42,5.1,44359.2
47,25394.9,17381.6,0.268502,0.214385,0.286241,NA,NA,NA,NA,NA,"short_fast",1,"om","Deterministic","F1",26407.4,5132.7,0.15084,1.36035,10,42,5.1,44359.2
48,23679.2,17017.4,0.257329,0.223308,0.266902,NA,NA,NA,NA,NA,"short_fast",1,"om","Deterministic","F1",26407.4,5132.7,0.15084,1.36035,10,42,5.1,44359.2
49,22093.8,16646.9,0.246858,0.232147,0.249033,NA,NA,NA,NA,NA,"short_fast",1,"om","Deterministic","F1",26407.4,5132.7,0.15084,1.36035,10,42,5.1,44359.2
50,20627.3,16270.8,0.237031,0.240902,0.232503,NA,NA,NA,NA,NA,"short_fast",1,"om","Deterministic","F1",26407.4,5132.7,0.15084,1.36035,10,42,5.1,44359.2
51,19268.9,15889.4,0.227797,0.249573,0.217192,NA,NA,NA,NA,NA,"short_fast",1,"om","Deterministic","F1",26407.4,5132.7,0.15084,1.36035,10,42,5.1,44359.2
52,18008.8,15503.4,0.219107,0.258161,0.202989,NA,NA,NA,NA,NA,"short_fast",1,"om","Deterministic","F1",26407.4,5132.7,0.15084,1.36035,10,42,5.1,44359.2
53,16838.3,15113.1,0.210919,0.266666,0.189795,NA,NA,NA,NA,NA,"short_fast",1,"om","Deterministic","F1",26407.4,5132.7,0.15084,1.36035,10,42,5.1,44359.2
54,15749.4,14718.9,0.203195,0.275089,0.177521,NA,NA,NA,NA,NA,"short_fast",1,"om","Deterministic","F1",26407.4,5132.7,0.15084,1.36035,10,42,5.1,44359.2
55,14734.8,14321.2,0.195899,0.283431,0.166085,NA,NA,NA,NA,NA,"short_fast",1,"om","Deterministic","F1",26407.4,5132.7,0.15084,1.36035,10,42,5.1,44359.2
56,13788.3,13920.3,0.195899,0.283535,0.155416,NA,NA,NA,NA,NA,"short_fast",1,"om","Deterministic","F1",26407.4,5132.7,0.15084,1.36035,10,42,5.1,44359.2
57,13035,13578.4,0.195899,0.283672,0.146925,NA,NA,NA,NA,NA,"short_fast",1,"om","Deterministic","F1",26407.4,5132.7,0.15084,1.36035,10,42,5.1,44359.2
58,12428.1,13286.7,0.195899,0.283786,0.140085,NA,NA,NA,NA,NA,"short_fast",1,"om","Deterministic","F1",26407.4,5132.7,0.15084,1.36035,10,42,5.1,44359.2
59,11929.2,13035.2,0.195899,0.283863,0.134462,NA,NA,NA,NA,NA,"short_fast",1,"om","Deterministic","F1",26407.4,5132.7,0.15084,1.36035,10,42,5.1,44359.2
60,11512.6,12816.5,0.195899,0.283915,0.129766,NA,NA,NA,NA,NA,"short_fast",1,"om","Deterministic","F1",26407.4,5132.7,0.15084,1.36035,10,42,5.1,44359.2
61,11161.2,12625.5,0.195899,0.283953,0.125805,NA,NA,NA,NA,NA,"short_fast",1,"om","Deterministic","F1",26407.4,5132.7,0.15084,1.36035,10,42,5.1,44359.2
62,10862.6,12458.3,0.203916,0.274925,0.122439,NA,NA,NA,NA,NA,"short_fast",1,"om","Deterministic","F1",26407.4,5132.7,0.15084,1.36035,10,42,5.1,44359.2
63,10724.3,12379.3,0.212451,0.265844,0.12088,NA,NA,NA,NA,NA,"short_fast",1,"om","Deterministic","F1",26407.4,5132.7,0.15084,1.36035,10,42,5.1,44359.2
64,10716.6,12374.9,0.221552,0.25664,0.120793,NA,NA,NA,NA,NA,"short_fast",1,"om","Deterministic","F1",26407.4,5132.7,0.15084,1.36035,10,42,5.1,44359.2
65,10816.5,12432.1,0.231269,0.247306,0.121919,NA,NA,NA,NA,NA,"short_fast",1,"om","Deterministic","F1",26407.4,5132.7,0.15084,1.36035,10,42,5.1,44359.2
66,11011.6,12542.3,0.241662,0.237857,0.124118,NA,NA,NA,NA,NA,"short_fast",1,"om","Deterministic","F1",26407.4,5132.7,0.15084,1.36035,10,42,5.1,44359.2
67,11296.1,12699.6,0.252795,0.228303,0.127325,NA,NA,NA,NA,NA,"short_fast",1,"om","Deterministic","F1",26407.4,5132.7,0.15084,1.36035,10,42,5.1,44359.2
68,11667.4,12898.7,0.264741,0.218644,0.13151,NA,NA,NA,NA,NA,"short_fast",1,"om","Deterministic","F1",26407.4,5132.7,0.15084,1.36035,10,42,5.1,44359.2
69,12124.7,13135.1,0.277584,0.20888,0.136665,NA,NA,NA,NA,NA,"short_fast",1,"om","Deterministic","F1",26407.4,5132.7,0.15084,1.36035,10,42,5.1,44359.2
70,12669.1,13404.4,0.291415,0.199011,0.142801,NA,NA,NA,NA,NA,"short_fast",1,"om","Deterministic","F1",26407.4,5132.7,0.15084,1.36035,10,42,5.1,44359.2
71,13302.8,13702.4,0.306341,0.189034,0.149944,NA,NA,NA,NA,NA,"short_fast",1,"om","Deterministic","F1",26407.4,5132.7,0.15084,1.36035,10,42,5.1,44359.2
72,14029.2,14025.3,0.322484,0.178948,0.158132,NA,NA,NA,NA,NA,"short_fast",1,"om","Deterministic","F1",26407.4,5132.7,0.15084,1.36035,10,42,5.1,44359.2
73,14853,14369.1,0.339981,0.168752,0.167417,NA,NA,NA,NA,NA,"short_fast",1,"om","Deterministic","F1",26407.4,5132.7,0.15084,1.36035,10,42,5.1,44359.2
74,15779.5,14730.2,0.358993,0.158444,0.17786,NA,NA,NA,NA,NA,"short_fast",1,"om","Deterministic","F1",26407.4,5132.7,0.15084,1.36035,10,42,5.1,44359.2
75,16815.3,15105.1,0.379701,0.148022,0.189536,NA,NA,NA,NA,NA,"short_fast",1,"om","Deterministic","F1",26407.4,5132.7,0.15084,1.36035,10,42,5.1,44359.2
76,17967.9,15490.3,0.402321,0.137486,0.202527,NA,NA,NA,NA,NA,"short_fast",1,"om","Deterministic","F1",26407.4,5132.7,0.15084,1.36035,10,42,5.1,44359.2
77,19245.8,15882.6,0.427099,0.126833,0.216931,NA,NA,NA,NA,NA,"short_fast",1,"om","Deterministic","F1",26407.4,5132.7,0.15084,1.36035,10,42,5.1,44359.2
78,20658.6,16279.1,0.454326,0.116063,0.232855,NA,NA,NA,NA,NA,"short_fast",1,"om","Deterministic","F1",26407.4,5132.7,0.15084,1.36035,10,42,5.1,44359.2
79,22217.2,16677,0.484345,0.105173,0.250424,NA,NA,NA,NA,NA,"short_fast",1,"om","Deterministic","F1",26407.4,5132.7,0.15084,1.36035,10,42,5.1,44359.2
80,23934,17073.8,0.517563,0.0941645,0.269775,NA,NA,NA,NA,NA,"short_fast",1,"om","Deterministic","F1",26407.4,5132.7,0.15084,1.36035,10,42,5.1,44359.2
81,25823,17467.1,0.517563,0.0941369,0.291066,NA,NA,NA,NA,NA,"short_fast",1,"om","Deterministic","F1",26407.4,5132.7,0.15084,1.36035,10,42,5.1,44359.2
82,27580.4,17798.2,0.517563,0.0940899,0.310876,NA,NA,NA,NA,NA,"short_fast",1,"om","Deterministic","F1",26407.4,5132.7,0.15084,1.36035,10,42,5.1,44359.2
83,29189.5,18075.7,0.517563,0.0940381,0.329013,NA,NA,NA,NA,NA,"short_fast",1,"om","Deterministic","F1",26407.4,5132.7,0.15084,1.36035,10,42,5.1,44359.2
84,30648.4,18308.6,0.517563,0.0939888,0.345457,NA,NA,NA,NA,NA,"short_fast",1,"om","Deterministic","F1",26407.4,5132.7,0.15084,1.36035,10,42,5.1,44359.2
85,31960.3,18504.5,0.517563,0.0939433,0.360244,NA,NA,NA,NA,NA,"short_fast",1,"om","Deterministic","F1",26407.4,5132.7,0.15084,1.36035,10,42,5.1,44359.2
86,33131,18669.3,0.517563,0.0939017,0.37344,NA,NA,NA,NA,NA,"short_fast",1,"om","Deterministic","F1",26407.4,5132.7,0.15084,1.36035,10,42,5.1,44359.2
87,34168.1,18808.1,0.517563,0.0938638,0.38513,NA,NA,NA,NA,NA,"short_fast",1,"om","Deterministic","F1",26407.4,5132.7,0.15084,1.36035,10,42,5.1,44359.2
88,35081.1,18925.1,0.517563,0.0938296,0.395421,NA,NA,NA,NA,NA,"short_fast",1,"om","Deterministic","F1",26407.4,5132.7,0.15084,1.36035,10,42,5.1,44359.2
89,35880.4,19023.8,0.517563,0.0937989,0.40443,NA,NA,NA,NA,NA,"short_fast",1,"om","Deterministic","F1",26407.4,5132.7,0.15084,1.36035,10,42,5.1,44359.2
90,36576.6,19107,0.517563,0.0937717,0.412278,NA,NA,NA,NA,NA,"short_fast",1,"om","Deterministic","F1",26407.4,5132.7,0.15084,1.36035,10,42,5.1,44359.2
91,37180.6,19177.3,0.517563,0.0937477,0.419086,NA,NA,NA,NA,NA,"short_fast",1,"om","Deterministic","F1",26407.4,5132.7,0.15084,1.36035,10,42,5.1,44359.2
92,37702.7,19236.6,0.517563,0.0937267,0.424971,NA,NA,NA,NA,NA,"short_fast",1,"om","Deterministic","F1",26407.4,5132.7,0.15084,1.36035,10,42,5.1,44359.2
93,38152.7,19286.6,0.517563,0.0937083,0.430042,NA,NA,NA,NA,NA,"short_fast",1,"om","Deterministic","F1",26407.4,5132.7,0.15084,1.36035,10,42,5.1,44359.2
94,38539.4,19329,0.517563,0.0936924,0.434402,NA,NA,NA,NA,NA,"short_fast",1,"om","Deterministic","F1",26407.4,5132.7,0.15084,1.36035,10,42,5.1,44359.2
95,38871.1,19364.7,0.517563,0.0936787,0.43814,NA,NA,NA,NA,NA,"short_fast",1,"om","Deterministic","F1",26407.4,5132.7,0.15084,1.36035,10,42,5.1,44359.2
96,39155,19395,0.517563,0.0936668,0.44134,NA,NA,NA,NA,NA,"short_fast",1,"om","Deterministic","F1",26407.4,5132.7,0.15084,1.36035,10,42,5.1,44359.2
97,39397.6,19420.5,0.517563,0.0936567,0.444075,NA,NA,NA,NA,NA,"short_fast",1,"om","Deterministic","F1",26407.4,5132.7,0.15084,1.36035,10,42,5.1,44359.2
98,39604.7,19442.1,0.517563,0.0936479,0.446409,NA,NA,NA,NA,NA,"short_fast",1,"om","Deterministic","F1",26407.4,5132.7,0.15084,1.36035,10,42,5.1,44359.2
99,39781.2,19460.4,0.517563,0.0936405,0.448398,NA,NA,NA,NA,NA,"short_fast",1,"om","Deterministic","F1",26407.4,5132.7,0.15084,1.36035,10,42,5.1,44359.2
100,39931.5,19475.9,0.517563,0.0936341,0.450093,NA,NA,NA,NA,NA,"short_fast",1,"om","Deterministic","F1",26407.4,5132.7,0.15084,1.36035,10,42,5.1,44359.2
1,87310.7,22026.5,0.9864976,0.000709884,1,NA,NA,NA,NA,0,"long_slow",1,"om","Deterministic","F1",25239,2497.69,0.0613923,1.36035,10,42,5.1,43655.35
2,87244.3,22023.6,0.9842748,0.000828111,0.99924,NA,NA,NA,NA,NA,"long_slow",1,"om","Deterministic","F1",25239,2497.69,0.0613923,1.36035,10,42,5.1,43655.35
3,87168.3,22021.5,0.9820598,0.000946303,0.998369,NA,NA,NA,NA,NA,"long_slow",1,"om","Deterministic","F1",25239,2497.69,0.0613923,1.36035,10,42,5.1,43655.35
4,87083,22019.2,0.9798525,0.00106446,0.997392,NA,NA,NA,NA,NA,"long_slow",1,"om","Deterministic","F1",25239,2497.69,0.0613923,1.36035,10,42,5.1,43655.35
5,86988.9,22016.6,0.9776529,0.00118257,0.996315,NA,NA,NA,NA,NA,"long_slow",1,"om","Deterministic","F1",25239,2497.69,0.0613923,1.36035,10,42,5.1,43655.35
6,86886.6,22013.9,0.9754609,0.00130065,0.995144,NA,NA,NA,NA,NA,"long_slow",1,"om","Deterministic","F1",25239,2497.69,0.0613923,1.36035,10,42,5.1,43655.35
7,86776.8,22010.9,0.9732766,0.00141868,0.993885,NA,NA,NA,NA,NA,"long_slow",1,"om","Deterministic","F1",25239,2497.69,0.0613923,1.36035,10,42,5.1,43655.35
8,86659.9,22007.7,0.9710999,0.00153667,0.992546,NA,NA,NA,NA,NA,"long_slow",1,"om","Deterministic","F1",25239,2497.69,0.0613923,1.36035,10,42,5.1,43655.35
9,86536.4,22004.3,0.9689307,0.00165462,0.991133,NA,NA,NA,NA,NA,"long_slow",1,"om","Deterministic","F1",25239,2497.69,0.0613923,1.36035,10,42,5.1,43655.35
10,86407,22000.7,0.9667691,0.00177252,0.989651,NA,NA,NA,NA,NA,"long_slow",1,"om","Deterministic","F1",25239,2497.69,0.0613923,1.36035,10,42,5.1,43655.35
11,86272.1,21997,0.9646149,0.00189038,0.988105,NA,NA,NA,NA,NA,"long_slow",1,"om","Deterministic","F1",25239,2497.69,0.0613923,1.36035,10,42,5.1,43655.35
12,86132.1,21993.1,0.9624682,0.00200819,0.986502,NA,NA,NA,NA,NA,"long_slow",1,"om","Deterministic","F1",25239,2497.69,0.0613923,1.36035,10,42,5.1,43655.35
13,85987.4,21989.1,0.9603289,0.00212596,0.984845,NA,NA,NA,NA,NA,"long_slow",1,"om","Deterministic","F1",25239,2497.69,0.0613923,1.36035,10,42,5.1,43655.35
14,85838.4,21985,0.958197,0.00224368,0.983138,NA,NA,NA,NA,NA,"long_slow",1,"om","Deterministic","F1",25239,2497.69,0.0613923,1.36035,10,42,5.1,43655.35
15,85685.4,21980.7,0.9560724,0.00236135,0.981385,NA,NA,NA,NA,NA,"long_slow",1,"om","Deterministic","F1",25239,2497.69,0.0613923,1.36035,10,42,5.1,43655.35
16,85528.6,21976.3,0.9539551,0.00247898,0.97959,NA,NA,NA,NA,NA,"long_slow",1,"om","Deterministic","F1",25239,2497.69,0.0613923,1.36035,10,42,5.1,43655.35
17,85368.5,21971.8,0.9518452,0.00259655,0.977756,NA,NA,NA,NA,NA,"long_slow",1,"om","Deterministic","F1",25239,2497.69,0.0613923,1.36035,10,42,5.1,43655.35
18,85205.2,21967.2,0.9497424,0.00271408,0.975886,NA,NA,NA,NA,NA,"long_slow",1,"om","Deterministic","F1",25239,2497.69,0.0613923,1.36035,10,42,5.1,43655.35
19,85039.1,21962.5,0.9476469,0.00283156,0.973983,NA,NA,NA,NA,NA,"long_slow",1,"om","Deterministic","F1",25239,2497.69,0.0613923,1.36035,10,42,5.1,43655.35
20,84870.3,21957.7,0.9455585,0.00294899,0.97205,NA,NA,NA,NA,NA,"long_slow",1,"om","Deterministic","F1",25239,2497.69,0.0613923,1.36035,10,42,5.1,43655.35
21,84699.1,21952.8,0.9434773,0.00306637,0.970089,NA,NA,NA,NA,NA,"long_slow",1,"om","Deterministic","F1",25239,2497.69,0.0613923,1.36035,10,42,5.1,43655.35
22,84525.6,21947.9,0.9414032,0.0031837,0.968102,NA,NA,NA,NA,NA,"long_slow",1,"om","Deterministic","F1",25239,2497.69,0.0613923,1.36035,10,42,5.1,43655.35
23,84350.1,21942.8,0.9393362,0.00330098,0.966092,NA,NA,NA,NA,NA,"long_slow",1,"om","Deterministic","F1",25239,2497.69,0.0613923,1.36035,10,42,5.1,43655.35
24,84172.7,21937.7,0.9372762,0.00341821,0.96406,NA,NA,NA,NA,NA,"long_slow",1,"om","Deterministic","F1",25239,2497.69,0.0613923,1.36035,10,42,5.1,43655.35
25,83993.6,21932.6,0.9352232,0.00353538,0.962009,NA,NA,NA,NA,NA,"long_slow",1,"om","Deterministic","F1",25239,2497.69,0.0613923,1.36035,10,42,5.1,43655.35
26,83812.9,21927.3,0.9352232,0.0035349,0.959939,NA,NA,NA,NA,NA,"long_slow",1,"om","Deterministic","F1",25239,2497.69,0.0613923,1.36035,10,42,5.1,43655.35
27,83641.4,21922.3,0.857881,0.00826725,0.957975,NA,NA,NA,NA,NA,"long_slow",1,"om","Deterministic","F1",25239,2497.69,0.0613923,1.36035,10,42,5.1,43655.35
28,83054.8,21905.1,0.790031,0.0129713,0.951257,NA,NA,NA,NA,NA,"long_slow",1,"om","Deterministic","F1",25239,2497.69,0.0613923,1.36035,10,42,5.1,43655.35
29,82069.7,21875.7,0.730157,0.0176425,0.939974,NA,NA,NA,NA,NA,"long_slow",1,"om","Deterministic","F1",25239,2497.69,0.0613923,1.36035,10,42,5.1,43655.35
30,80709.9,21834,0.677034,0.0222763,0.924399,NA,NA,NA,NA,NA,"long_slow",1,"om","Deterministic","F1",25239,2497.69,0.0613923,1.36035,10,42,5.1,43655.35
31,79005.9,21780.1,0.629671,0.0268678,0.904882,NA,NA,NA,NA,NA,"long_slow",1,"om","Deterministic","F1",25239,2497.69,0.0613923,1.36035,10,42,5.1,43655.35
32,76993.5,21713.6,0.587252,0.0314124,0.881833,NA,NA,NA,NA,NA,"long_slow",1,"om","Deterministic","F1",25239,2497.69,0.0613923,1.36035,10,42,5.1,43655.35
33,74712.8,21634.5,0.549101,0.0359056,0.855712,NA,NA,NA,NA,NA,"long_slow",1,"om","Deterministic","F1",25239,2497.69,0.0613923,1.36035,10,42,5.1,43655.35
34,72206.7,21542.6,0.514659,0.0403432,0.827009,NA,NA,NA,NA,NA,"long_slow",1,"om","Deterministic","F1",25239,2497.69,0.0613923,1.36035,10,42,5.1,43655.35
35,69519.2,21437.5,0.483452,0.0447213,0.796228,NA,NA,NA,NA,NA,"long_slow",1,"om","Deterministic","F1",25239,2497.69,0.0613923,1.36035,10,42,5.1,43655.35
36,66694.4,21319.3,0.455084,0.0490366,0.763874,NA,NA,NA,NA,NA,"long_slow",1,"om","Deterministic","F1",25239,2497.69,0.0613923,1.36035,10,42,5.1,43655.35
37,63774.5,21187.6,0.429215,0.0532857,0.730432,NA,NA,NA,NA,NA,"long_slow",1,"om","Deterministic","F1",25239,2497.69,0.0613923,1.36035,10,42,5.1,43655.35
38,60799.5,21042.3,0.405557,0.0574659,0.696358,NA,NA,NA,NA,NA,"long_slow",1,"om","Deterministic","F1",25239,2497.69,0.0613923,1.36035,10,42,5.1,43655.35
39,57805.9,20883.3,0.383862,0.0615747,0.662071,NA,NA,NA,NA,NA,"long_slow",1,"om","Deterministic","F1",25239,2497.69,0.0613923,1.36035,10,42,5.1,43655.35
40,54826.2,20710.6,0.363916,0.06561,0.627943,NA,NA,NA,NA,NA,"long_slow",1,"om","Deterministic","F1",25239,2497.69,0.0613923,1.36035,10,42,5.1,43655.35
41,51888.6,20524.2,0.345534,0.0695701,0.594299,NA,NA,NA,NA,NA,"long_slow",1,"om","Deterministic","F1",25239,2497.69,0.0613923,1.36035,10,42,5.1,43655.35
42,49017.3,20324.2,0.328555,0.0734538,0.561412,NA,NA,NA,NA,NA,"long_slow",1,"om","Deterministic","F1",25239,2497.69,0.0613923,1.36035,10,42,5.1,43655.35
43,46231.6,20110.8,0.312838,0.0772606,0.529507,NA,NA,NA,NA,NA,"long_slow",1,"om","Deterministic","F1",25239,2497.69,0.0613923,1.36035,10,42,5.1,43655.35
44,43547.1,19884.3,0.298259,0.0809901,0.498761,NA,NA,NA,NA,NA,"long_slow",1,"om","Deterministic","F1",25239,2497.69,0.0613923,1.36035,10,42,5.1,43655.35
45,40975.3,19645.2,0.28471,0.0846429,0.469305,NA,NA,NA,NA,NA,"long_slow",1,"om","Deterministic","F1",25239,2497.69,0.0613923,1.36035,10,42,5.1,43655.35
46,38524.2,19393.9,0.272095,0.0882199,0.441231,NA,NA,NA,NA,NA,"long_slow",1,"om","Deterministic","F1",25239,2497.69,0.0613923,1.36035,10,42,5.1,43655.35
47,36198.5,19131.1,0.260329,0.0917225,0.414594,NA,NA,NA,NA,NA,"long_slow",1,"om","Deterministic","F1",25239,2497.69,0.0613923,1.36035,10,42,5.1,43655.35
48,34000.4,18857.5,0.249337,0.0951527,0.389419,NA,NA,NA,NA,NA,"long_slow",1,"om","Deterministic","F1",25239,2497.69,0.0613923,1.36035,10,42,5.1,43655.35
49,31929.8,18573.7,0.239051,0.0985128,0.365703,NA,NA,NA,NA,NA,"long_slow",1,"om","Deterministic","F1",25239,2497.69,0.0613923,1.36035,10,42,5.1,43655.35
50,29984.5,18280.7,0.229412,0.101805,0.343423,NA,NA,NA,NA,NA,"long_slow",1,"om","Deterministic","F1",25239,2497.69,0.0613923,1.36035,10,42,5.1,43655.35
51,28160.8,17979.2,0.220365,0.105033,0.322536,NA,NA,NA,NA,NA,"long_slow",1,"om","Deterministic","F1",25239,2497.69,0.0613923,1.36035,10,42,5.1,43655.35
52,26454.2,17670.1,0.211863,0.108199,0.302989,NA,NA,NA,NA,NA,"long_slow",1,"om","Deterministic","F1",25239,2497.69,0.0613923,1.36035,10,42,5.1,43655.35
53,24858.9,17354.2,0.203863,0.111307,0.284718,NA,NA,NA,NA,NA,"long_slow",1,"om","Deterministic","F1",25239,2497.69,0.0613923,1.36035,10,42,5.1,43655.35
54,23369,17032.2,0.196324,0.114358,0.267654,NA,NA,NA,NA,NA,"long_slow",1,"om","Deterministic","F1",25239,2497.69,0.0613923,1.36035,10,42,5.1,43655.35
55,21978.1,16705,0.189212,0.117356,0.251723,NA,NA,NA,NA,NA,"long_slow",1,"om","Deterministic","F1",25239,2497.69,0.0613923,1.36035,10,42,5.1,43655.35
56,20679.7,16373.1,0.189212,0.116645,0.236852,NA,NA,NA,NA,NA,"long_slow",1,"om","Deterministic","F1",25239,2497.69,0.0613923,1.36035,10,42,5.1,43655.35
57,19559,16063.6,0.189212,0.116011,0.224017,NA,NA,NA,NA,NA,"long_slow",1,"om","Deterministic","F1",25239,2497.69,0.0613923,1.36035,10,42,5.1,43655.35
58,18590,15776.7,0.189212,0.115458,0.212918,NA,NA,NA,NA,NA,"long_slow",1,"om","Deterministic","F1",25239,2497.69,0.0613923,1.36035,10,42,5.1,43655.35
59,17749.7,15512,0.189212,0.114986,0.203293,NA,NA,NA,NA,NA,"long_slow",1,"om","Deterministic","F1",25239,2497.69,0.0613923,1.36035,10,42,5.1,43655.35
60,17018,15268.4,0.189212,0.114589,0.194913,NA,NA,NA,NA,NA,"long_slow",1,"om","Deterministic","F1",25239,2497.69,0.0613923,1.36035,10,42,5.1,43655.35
61,16377.3,15044.1,0.189212,0.114259,0.187575,NA,NA,NA,NA,NA,"long_slow",1,"om","Deterministic","F1",25239,2497.69,0.0613923,1.36035,10,42,5.1,43655.35
62,15812.3,14837.2,0.197027,0.11004,0.181104,NA,NA,NA,NA,NA,"long_slow",1,"om","Deterministic","F1",25239,2497.69,0.0613923,1.36035,10,42,5.1,43655.35
63,15387.2,14675.7,0.205359,0.105928,0.176235,NA,NA,NA,NA,NA,"long_slow",1,"om","Deterministic","F1",25239,2497.69,0.0613923,1.36035,10,42,5.1,43655.35
64,15081,14556,0.214254,0.101903,0.172728,NA,NA,NA,NA,NA,"long_slow",1,"om","Deterministic","F1",25239,2497.69,0.0613923,1.36035,10,42,5.1,43655.35
65,14876.6,14474.4,0.223765,0.0979423,0.170387,NA,NA,NA,NA,NA,"long_slow",1,"om","Deterministic","F1",25239,2497.69,0.0613923,1.36035,10,42,5.1,43655.35
66,14760.1,14427.4,0.233952,0.0940241,0.169053,NA,NA,NA,NA,NA,"long_slow",1,"om","Deterministic","F1",25239,2497.69,0.0613923,1.36035,10,42,5.1,43655.35
67,14720.8,14411.4,0.244881,0.0901286,0.168602,NA,NA,NA,NA,NA,"long_slow",1,"om","Deterministic","F1",25239,2497.69,0.0613923,1.36035,10,42,5.1,43655.35
68,14749.9,14423.2,0.256627,0.086238,0.168936,NA,NA,NA,NA,NA,"long_slow",1,"om","Deterministic","F1",25239,2497.69,0.0613923,1.36035,10,42,5.1,43655.35
69,14841,14460.1,0.269275,0.0823377,0.16998,NA,NA,NA,NA,NA,"long_slow",1,"om","Deterministic","F1",25239,2497.69,0.0613923,1.36035,10,42,5.1,43655.35
70,14989.5,14519.6,0.28292,0.0784169,0.17168,NA,NA,NA,NA,NA,"long_slow",1,"om","Deterministic","F1",25239,2497.69,0.0613923,1.36035,10,42,5.1,43655.35
71,15192.1,14599.7,0.297672,0.0744681,0.174001,NA,NA,NA,NA,NA,"long_slow",1,"om","Deterministic","F1",25239,2497.69,0.0613923,1.36035,10,42,5.1,43655.35
72,15447.5,14698.9,0.313656,0.0704871,0.176926,NA,NA,NA,NA,NA,"long_slow",1,"om","Deterministic","F1",25239,2497.69,0.0613923,1.36035,10,42,5.1,43655.35
73,15755.4,14815.9,0.331015,0.0664712,0.180452,NA,NA,NA,NA,NA,"long_slow",1,"om","Deterministic","F1",25239,2497.69,0.0613923,1.36035,10,42,5.1,43655.35
74,16116.8,14949.8,0.349913,0.0624192,0.184592,NA,NA,NA,NA,NA,"long_slow",1,"om","Deterministic","F1",25239,2497.69,0.0613923,1.36035,10,42,5.1,43655.35
75,16533.7,15099.8,0.370542,0.0583297,0.189367,NA,NA,NA,NA,NA,"long_slow",1,"om","Deterministic","F1",25239,2497.69,0.0613923,1.36035,10,42,5.1,43655.35
76,17008.9,15265.2,0.393121,0.0542014,0.194809,NA,NA,NA,NA,NA,"long_slow",1,"om","Deterministic","F1",25239,2497.69,0.0613923,1.36035,10,42,5.1,43655.35
77,17545.7,15445.4,0.417909,0.0500324,0.200957,NA,NA,NA,NA,NA,"long_slow",1,"om","Deterministic","F1",25239,2497.69,0.0613923,1.36035,10,42,5.1,43655.35
78,18148.2,15639.5,0.445208,0.0458204,0.207857,NA,NA,NA,NA,NA,"long_slow",1,"om","Deterministic","F1",25239,2497.69,0.0613923,1.36035,10,42,5.1,43655.35
79,18820.9,15846.8,0.475374,0.0415629,0.215563,NA,NA,NA,NA,NA,"long_slow",1,"om","Deterministic","F1",25239,2497.69,0.0613923,1.36035,10,42,5.1,43655.35
80,19569.2,16066.5,0.508832,0.037257,0.224133,NA,NA,NA,NA,NA,"long_slow",1,"om","Deterministic","F1",25239,2497.69,0.0613923,1.36035,10,42,5.1,43655.35
81,20398.8,16297.6,0.508832,0.0374128,0.233635,NA,NA,NA,NA,NA,"long_slow",1,"om","Deterministic","F1",25239,2497.69,0.0613923,1.36035,10,42,5.1,43655.35
82,21205.6,16510.8,0.508832,0.0375527,0.242875,NA,NA,NA,NA,NA,"long_slow",1,"om","Deterministic","F1",25239,2497.69,0.0613923,1.36035,10,42,5.1,43655.35
83,21986.6,16707,0.508832,0.0376764,0.25182,NA,NA,NA,NA,NA,"long_slow",1,"om","Deterministic","F1",25239,2497.69,0.0613923,1.36035,10,42,5.1,43655.35
84,22739.9,16887.6,0.508832,0.0377846,0.260449,NA,NA,NA,NA,NA,"long_slow",1,"om","Deterministic","F1",25239,2497.69,0.0613923,1.36035,10,42,5.1,43655.35
85,23464.9,17053.8,0.508832,0.0378786,0.268752,NA,NA,NA,NA,NA,"long_slow",1,"om","Deterministic","F1",25239,2497.69,0.0613923,1.36035,10,42,5.1,43655.35
86,24161.6,17206.9,0.508832,0.0379604,0.276732,NA,NA,NA,NA,NA,"long_slow",1,"om","Deterministic","F1",25239,2497.69,0.0613923,1.36035,10,42,5.1,43655.35
87,24831.1,17348.4,0.508832,0.0380327,0.284399,NA,NA,NA,NA,NA,"long_slow",1,"om","Deterministic","F1",25239,2497.69,0.0613923,1.36035,10,42,5.1,43655.35
88,25474.9,17479.5,0.508832,0.0380979,0.291773,NA,NA,NA,NA,NA,"long_slow",1,"om","Deterministic","F1",25239,2497.69,0.0613923,1.36035,10,42,5.1,43655.35
89,26095.1,17601.4,0.508832,0.0381582,0.298877,NA,NA,NA,NA,NA,"long_slow",1,"om","Deterministic","F1",25239,2497.69,0.0613923,1.36035,10,42,5.1,43655.35
90,26693.6,17715.2,0.508832,0.0382154,0.305731,NA,NA,NA,NA,NA,"long_slow",1,"om","Deterministic","F1",25239,2497.69,0.0613923,1.36035,10,42,5.1,43655.35
91,27272.2,17821.8,0.508832,0.0382704,0.312358,NA,NA,NA,NA,NA,"long_slow",1,"om","Deterministic","F1",25239,2497.69,0.0613923,1.36035,10,42,5.1,43655.35
92,27832.1,17921.8,0.508832,0.038324,0.318771,NA,NA,NA,NA,NA,"long_slow",1,"om","Deterministic","F1",25239,2497.69,0.0613923,1.36035,10,42,5.1,43655.35
93,28374.3,18016,0.508832,0.0383763,0.32498,NA,NA,NA,NA,NA,"long_slow",1,"om","Deterministic","F1",25239,2497.69,0.0613923,1.36035,10,42,5.1,43655.35
94,28899.1,18104.6,0.508832,0.0384272,0.330992,NA,NA,NA,NA,NA,"long_slow",1,"om","Deterministic","F1",25239,2497.69,0.0613923,1.36035,10,42,5.1,43655.35
95,29406.8,18188.2,0.508832,0.0384767,0.336807,NA,NA,NA,NA,NA,"long_slow",1,"om","Deterministic","F1",25239,2497.69,0.0613923,1.36035,10,42,5.1,43655.35
96,29897.4,18266.9,0.508832,0.0385245,0.342426,NA,NA,NA,NA,NA,"long_slow",1,"om","Deterministic","F1",25239,2497.69,0.0613923,1.36035,10,42,5.1,43655.35
97,30370.7,18341.1,0.508832,0.0385705,0.347847,NA,NA,NA,NA,NA,"long_slow",1,"om","Deterministic","F1",25239,2497.69,0.0613923,1.36035,10,42,5.1,43655.35
98,30826.6,18411,0.508832,0.0386144,0.353068,NA,NA,NA,NA,NA,"long_slow",1,"om","Deterministic","F1",25239,2497.69,0.0613923,1.36035,10,42,5.1,43655.35
99,31264.9,18476.7,0.508832,0.0386563,0.358088,NA,NA,NA,NA,NA,"long_slow",1,"om","Deterministic","F1",25239,2497.69,0.0613923,1.36035,10,42,5.1,43655.35
100,31685.7,18538.4,0.508832,0.038696,0.362907,NA,NA,NA,NA,NA,"long_slow",1,"om","Deterministic","F1",25239,2497.69,0.0613923,1.36035,10,42,5.1,43655.35
1,162173,22026.5,0.9875666,0.000756264,1,NA,NA,NA,NA,0,"long_fast",1,"om","Deterministic","F1",48392,4676.68,0.074122,1.36035,10,42,5.1,81086.5
2,162047,22023.5,0.9855182,0.000882236,0.999223,NA,NA,NA,NA,NA,"long_fast",1,"om","Deterministic","F1",48392,4676.68,0.074122,1.36035,10,42,5.1,81086.5
3,161903,22021.4,0.9834766,0.00100818,0.998332,NA,NA,NA,NA,NA,"long_fast",1,"om","Deterministic","F1",48392,4676.68,0.074122,1.36035,10,42,5.1,81086.5
4,161741,22019.1,0.9814416,0.00113411,0.997335,NA,NA,NA,NA,NA,"long_fast",1,"om","Deterministic","F1",48392,4676.68,0.074122,1.36035,10,42,5.1,81086.5
5,161563,22016.5,0.9794133,0.00126001,0.996241,NA,NA,NA,NA,NA,"long_fast",1,"om","Deterministic","F1",48392,4676.68,0.074122,1.36035,10,42,5.1,81086.5
6,161372,22013.6,0.9773916,0.00138588,0.995057,NA,NA,NA,NA,NA,"long_fast",1,"om","Deterministic","F1",48392,4676.68,0.074122,1.36035,10,42,5.1,81086.5
7,161166,22010.6,0.9753766,0.00151173,0.993792,NA,NA,NA,NA,NA,"long_fast",1,"om","Deterministic","F1",48392,4676.68,0.074122,1.36035,10,42,5.1,81086.5
8,160949,22007.4,0.9733681,0.00163756,0.992453,NA,NA,NA,NA,NA,"long_fast",1,"om","Deterministic","F1",48392,4676.68,0.074122,1.36035,10,42,5.1,81086.5
9,160721,22004.1,0.9713661,0.00176336,0.991046,NA,NA,NA,NA,NA,"long_fast",1,"om","Deterministic","F1",48392,4676.68,0.074122,1.36035,10,42,5.1,81086.5
10,160483,22000.5,0.9693707,0.00188914,0.989576,NA,NA,NA,NA,NA,"long_fast",1,"om","Deterministic","F1",48392,4676.68,0.074122,1.36035,10,42,5.1,81086.5
11,160235,21996.9,0.9673818,0.0020149,0.98805,NA,NA,NA,NA,NA,"long_fast",1,"om","Deterministic","F1",48392,4676.68,0.074122,1.36035,10,42,5.1,81086.5
12,159979,21993.1,0.9653993,0.00214063,0.986472,NA,NA,NA,NA,NA,"long_fast",1,"om","Deterministic","F1",48392,4676.68,0.074122,1.36035,10,42,5.1,81086.5
13,159715,21989.1,0.9634232,0.00226633,0.984846,NA,NA,NA,NA,NA,"long_fast",1,"om","Deterministic","F1",48392,4676.68,0.074122,1.36035,10,42,5.1,81086.5
14,159445,21985.1,0.9614535,0.00239201,0.983176,NA,NA,NA,NA,NA,"long_fast",1,"om","Deterministic","F1",48392,4676.68,0.074122,1.36035,10,42,5.1,81086.5
15,159167,21980.9,0.9594902,0.00251767,0.981466,NA,NA,NA,NA,NA,"long_fast",1,"om","Deterministic","F1",48392,4676.68,0.074122,1.36035,10,42,5.1,81086.5
16,158884,21976.6,0.9575333,0.0026433,0.97972,NA,NA,NA,NA,NA,"long_fast",1,"om","Deterministic","F1",48392,4676.68,0.074122,1.36035,10,42,5.1,81086.5
17,158596,21972.3,0.9555826,0.0027689,0.97794,NA,NA,NA,NA,NA,"long_fast",1,"om","Deterministic","F1",48392,4676.68,0.074122,1.36035,10,42,5.1,81086.5
18,158302,21967.8,0.9536383,0.00289448,0.976129,NA,NA,NA,NA,NA,"long_fast",1,"om","Deterministic","F1",48392,4676.68,0.074122,1.36035,10,42,5.1,81086.5
19,158004,21963.3,0.9517002,0.00302004,0.974291,NA,NA,NA,NA,NA,"long_fast",1,"om","Deterministic","F1",48392,4676.68,0.074122,1.36035,10,42,5.1,81086.5
20,157702,21958.7,0.9497683,0.00314557,0.972427,NA,NA,NA,NA,NA,"long_fast",1,"om","Deterministic","F1",48392,4676.68,0.074122,1.36035,10,42,5.1,81086.5
21,157395,21954,0.9478426,0.00327107,0.97054,NA,NA,NA,NA,NA,"long_fast",1,"om","Deterministic","F1",48392,4676.68,0.074122,1.36035,10,42,5.1,81086.5
22,157086,21949.2,0.9459231,0.00339655,0.968632,NA,NA,NA,NA,NA,"long_fast",1,"om","Deterministic","F1",48392,4676.68,0.074122,1.36035,10,42,5.1,81086.5
23,156774,21944.4,0.9440098,0.003522,0.966705,NA,NA,NA,NA,NA,"long_fast",1,"om","Deterministic","F1",48392,4676.68,0.074122,1.36035,10,42,5.1,81086.5
24,156458,21939.5,0.9421025,0.00364743,0.96476,NA,NA,NA,NA,NA,"long_fast",1,"om","Deterministic","F1",48392,4676.68,0.074122,1.36035,10,42,5.1,81086.5
25,156140,21934.6,0.9402014,0.00377283,0.9628,NA,NA,NA,NA,NA,"long_fast",1,"om","Deterministic","F1",48392,4676.68,0.074122,1.36035,10,42,5.1,81086.5
26,155820,21929.6,0.9402014,0.00377269,0.960826,NA,NA,NA,NA,NA,"long_fast",1,"om","Deterministic","F1",48392,4676.68,0.074122,1.36035,10,42,5.1,81086.5
27,155518,21924.8,0.868277,0.00882347,0.958963,NA,NA,NA,NA,NA,"long_fast",1,"om","Deterministic","F1",48392,4676.68,0.074122,1.36035,10,42,5.1,81086.5
28,154426,21907.6,0.804664,0.0138465,0.95223,NA,NA,NA,NA,NA,"long_fast",1,"om","Deterministic","F1",48392,4676.68,0.074122,1.36035,10,42,5.1,81086.5
29,152576,21877.9,0.748086,0.01884,0.940822,NA,NA,NA,NA,NA,"long_fast",1,"om","Deterministic","F1",48392,4676.68,0.074122,1.36035,10,42,5.1,81086.5
30,150016,21835.8,0.697511,0.0238022,0.925035,NA,NA,NA,NA,NA,"long_fast",1,"om","Deterministic","F1",48392,4676.68,0.074122,1.36035,10,42,5.1,81086.5
31,146808,21781.1,0.652092,0.0287314,0.905255,NA,NA,NA,NA,NA,"long_fast",1,"om","Deterministic","F1",48392,4676.68,0.074122,1.36035,10,42,5.1,81086.5
32,143026,21713.9,0.611132,0.0336263,0.881936,NA,NA,NA,NA,NA,"long_fast",1,"om","Deterministic","F1",48392,4676.68,0.074122,1.36035,10,42,5.1,81086.5
33,138752,21634.1,0.574049,0.0384859,0.855581,NA,NA,NA,NA,NA,"long_fast",1,"om","Deterministic","F1",48392,4676.68,0.074122,1.36035,10,42,5.1,81086.5
34,134071,21541.6,0.540358,0.0433091,0.826714,NA,NA,NA,NA,NA,"long_fast",1,"om","Deterministic","F1",48392,4676.68,0.074122,1.36035,10,42,5.1,81086.5
35,129068,21436.3,0.509646,0.048095,0.795863,NA,NA,NA,NA,NA,"long_fast",1,"om","Deterministic","F1",48392,4676.68,0.074122,1.36035,10,42,5.1,81086.5
36,123826,21318,0.481563,0.0528426,0.76354,NA,NA,NA,NA,NA,"long_fast",1,"om","Deterministic","F1",48392,4676.68,0.074122,1.36035,10,42,5.1,81086.5
37,118424,21186.8,0.455812,0.0575512,0.73023,NA,NA,NA,NA,NA,"long_fast",1,"om","Deterministic","F1",48392,4676.68,0.074122,1.36035,10,42,5.1,81086.5
38,112935,21042.4,0.432136,0.06222,0.696383,NA,NA,NA,NA,NA,"long_fast",1,"om","Deterministic","F1",48392,4676.68,0.074122,1.36035,10,42,5.1,81086.5
39,107424,20884.9,0.410312,0.0668482,0.662402,NA,NA,NA,NA,NA,"long_fast",1,"om","Deterministic","F1",48392,4676.68,0.074122,1.36035,10,42,5.1,81086.5
40,101949,20714.3,0.390149,0.071435,0.628643,NA,NA,NA,NA,NA,"long_fast",1,"om","Deterministic","F1",48392,4676.68,0.074122,1.36035,10,42,5.1,81086.5
41,96559.6,20530.6,0.37148,0.0759799,0.595411,NA,NA,NA,NA,NA,"long_fast",1,"om","Deterministic","F1",48392,4676.68,0.074122,1.36035,10,42,5.1,81086.5
42,91297.2,20334,0.354157,0.0804823,0.562961,NA,NA,NA,NA,NA,"long_fast",1,"om","Deterministic","F1",48392,4676.68,0.074122,1.36035,10,42,5.1,81086.5
43,86195,20124.7,0.338052,0.0849417,0.5315,NA,NA,NA,NA,NA,"long_fast",1,"om","Deterministic","F1",48392,4676.68,0.074122,1.36035,10,42,5.1,81086.5
44,81278.9,19903,0.323052,0.0893578,0.501186,NA,NA,NA,NA,NA,"long_fast",1,"om","Deterministic","F1",48392,4676.68,0.074122,1.36035,10,42,5.1,81086.5
45,76567.9,19669.2,0.309056,0.0937302,0.472137,NA,NA,NA,NA,NA,"long_fast",1,"om","Deterministic","F1",48392,4676.68,0.074122,1.36035,10,42,5.1,81086.5
46,72075,19423.8,0.295975,0.098059,0.444432,NA,NA,NA,NA,NA,"long_fast",1,"om","Deterministic","F1",48392,4676.68,0.074122,1.36035,10,42,5.1,81086.5
47,67807.5,19167.4,0.283729,0.102344,0.418118,NA,NA,NA,NA,NA,"long_fast",1,"om","Deterministic","F1",48392,4676.68,0.074122,1.36035,10,42,5.1,81086.5
48,63768.3,18900.4,0.272249,0.106585,0.393211,NA,NA,NA,NA,NA,"long_fast",1,"om","Deterministic","F1",48392,4676.68,0.074122,1.36035,10,42,5.1,81086.5
49,59956.4,18623.5,0.26147,0.110783,0.369706,NA,NA,NA,NA,NA,"long_fast",1,"om","Deterministic","F1",48392,4676.68,0.074122,1.36035,10,42,5.1,81086.5
50,56367.6,18337.5,0.251336,0.114938,0.347577,NA,NA,NA,NA,NA,"long_fast",1,"om","Deterministic","F1",48392,4676.68,0.074122,1.36035,10,42,5.1,81086.5
51,52995.5,18042.8,0.241796,0.119051,0.326783,NA,NA,NA,NA,NA,"long_fast",1,"om","Deterministic","F1",48392,4676.68,0.074122,1.36035,10,42,5.1,81086.5
52,49831.6,17740.3,0.232803,0.123121,0.307274,NA,NA,NA,NA,NA,"long_fast",1,"om","Deterministic","F1",48392,4676.68,0.074122,1.36035,10,42,5.1,81086.5
53,46866.4,17430.6,0.224317,0.127149,0.28899,NA,NA,NA,NA,NA,"long_fast",1,"om","Deterministic","F1",48392,4676.68,0.074122,1.36035,10,42,5.1,81086.5
54,44089.5,17114.3,0.216298,0.131136,0.271867,NA,NA,NA,NA,NA,"long_fast",1,"om","Deterministic","F1",48392,4676.68,0.074122,1.36035,10,42,5.1,81086.5
55,41489.8,16792.1,0.208714,0.135082,0.255837,NA,NA,NA,NA,NA,"long_fast",1,"om","Deterministic","F1",48392,4676.68,0.074122,1.36035,10,42,5.1,81086.5
56,39056.6,16464.6,0.208714,0.134786,0.240832,NA,NA,NA,NA,NA,"long_fast",1,"om","Deterministic","F1",48392,4676.68,0.074122,1.36035,10,42,5.1,81086.5
57,36962.1,16160.1,0.208714,0.134525,0.227918,NA,NA,NA,NA,NA,"long_fast",1,"om","Deterministic","F1",48392,4676.68,0.074122,1.36035,10,42,5.1,81086.5
58,35156.9,15878.8,0.208714,0.134303,0.216786,NA,NA,NA,NA,NA,"long_fast",1,"om","Deterministic","F1",48392,4676.68,0.074122,1.36035,10,42,5.1,81086.5
59,33596.1,15620.3,0.208714,0.134116,0.207162,NA,NA,NA,NA,NA,"long_fast",1,"om","Deterministic","F1",48392,4676.68,0.074122,1.36035,10,42,5.1,81086.5
60,32239.7,15382.9,0.208714,0.133957,0.198798,NA,NA,NA,NA,NA,"long_fast",1,"om","Deterministic","F1",48392,4676.68,0.074122,1.36035,10,42,5.1,81086.5
61,31052.7,15164.7,0.208714,0.133816,0.191479,NA,NA,NA,NA,NA,"long_fast",1,"om","Deterministic","F1",48392,4676.68,0.074122,1.36035,10,42,5.1,81086.5
62,30005.8,14963.6,0.217047,0.129093,0.185023,NA,NA,NA,NA,NA,"long_fast",1,"om","Deterministic","F1",48392,4676.68,0.074122,1.36035,10,42,5.1,81086.5
63,29232.7,14809.5,0.225906,0.124403,0.180256,NA,NA,NA,NA,NA,"long_fast",1,"om","Deterministic","F1",48392,4676.68,0.074122,1.36035,10,42,5.1,81086.5
64,28695.1,14699.4,0.235335,0.119741,0.176941,NA,NA,NA,NA,NA,"long_fast",1,"om","Deterministic","F1",48392,4676.68,0.074122,1.36035,10,42,5.1,81086.5
65,28361.4,14629.9,0.245385,0.115095,0.174883,NA,NA,NA,NA,NA,"long_fast",1,"om","Deterministic","F1",48392,4676.68,0.074122,1.36035,10,42,5.1,81086.5
66,28205.7,14597.1,0.256114,0.11045,0.173923,NA,NA,NA,NA,NA,"long_fast",1,"om","Deterministic","F1",48392,4676.68,0.074122,1.36035,10,42,5.1,81086.5
67,28207.2,14597.4,0.267584,0.105795,0.173933,NA,NA,NA,NA,NA,"long_fast",1,"om","Deterministic","F1",48392,4676.68,0.074122,1.36035,10,42,5.1,81086.5
68,28350.1,14627.5,0.279868,0.101122,0.174814,NA,NA,NA,NA,NA,"long_fast",1,"om","Deterministic","F1",48392,4676.68,0.074122,1.36035,10,42,5.1,81086.5
69,28623.6,14684.6,0.293044,0.0964276,0.1765,NA,NA,NA,NA,NA,"long_fast",1,"om","Deterministic","F1",48392,4676.68,0.074122,1.36035,10,42,5.1,81086.5
70,29021.1,14766.4,0.307203,0.0917093,0.178951,NA,NA,NA,NA,NA,"long_fast",1,"om","Deterministic","F1",48392,4676.68,0.074122,1.36035,10,42,5.1,81086.5
71,29539.4,14871.2,0.322447,0.0869657,0.182147,NA,NA,NA,NA,NA,"long_fast",1,"om","Deterministic","F1",48392,4676.68,0.074122,1.36035,10,42,5.1,81086.5
72,30177.6,14997.2,0.338893,0.0821951,0.186083,NA,NA,NA,NA,NA,"long_fast",1,"om","Deterministic","F1",48392,4676.68,0.074122,1.36035,10,42,5.1,81086.5
73,30937,15142.9,0.356672,0.077396,0.190765,NA,NA,NA,NA,NA,"long_fast",1,"om","Deterministic","F1",48392,4676.68,0.074122,1.36035,10,42,5.1,81086.5
74,31820.2,15306.9,0.375935,0.0725666,0.196211,NA,NA,NA,NA,NA,"long_fast",1,"om","Deterministic","F1",48392,4676.68,0.074122,1.36035,10,42,5.1,81086.5
75,32831.3,15488,0.396858,0.067705,0.202446,NA,NA,NA,NA,NA,"long_fast",1,"om","Deterministic","F1",48392,4676.68,0.074122,1.36035,10,42,5.1,81086.5
76,33975.8,15684.6,0.419639,0.0628093,0.209503,NA,NA,NA,NA,NA,"long_fast",1,"om","Deterministic","F1",48392,4676.68,0.074122,1.36035,10,42,5.1,81086.5
77,35260.2,15895.4,0.444513,0.0578774,0.217423,NA,NA,NA,NA,NA,"long_fast",1,"om","Deterministic","F1",48392,4676.68,0.074122,1.36035,10,42,5.1,81086.5
78,36692.3,16119.2,0.471749,0.0529076,0.226254,NA,NA,NA,NA,NA,"long_fast",1,"om","Deterministic","F1",48392,4676.68,0.074122,1.36035,10,42,5.1,81086.5
79,38281.3,16354.4,0.501666,0.0478981,0.236052,NA,NA,NA,NA,NA,"long_fast",1,"om","Deterministic","F1",48392,4676.68,0.074122,1.36035,10,42,5.1,81086.5
80,40037.7,16599.9,0.534637,0.0428472,0.246883,NA,NA,NA,NA,NA,"long_fast",1,"om","Deterministic","F1",48392,4676.68,0.074122,1.36035,10,42,5.1,81086.5
81,41973.5,16854.1,0.534637,0.0429245,0.258819,NA,NA,NA,NA,NA,"long_fast",1,"om","Deterministic","F1",48392,4676.68,0.074122,1.36035,10,42,5.1,81086.5
82,43860.5,17087,0.534637,0.0429919,0.270455,NA,NA,NA,NA,NA,"long_fast",1,"om","Deterministic","F1",48392,4676.68,0.074122,1.36035,10,42,5.1,81086.5
83,45688.8,17299.7,0.534637,0.0430494,0.281729,NA,NA,NA,NA,NA,"long_fast",1,"om","Deterministic","F1",48392,4676.68,0.074122,1.36035,10,42,5.1,81086.5
84,47452.5,17494,0.534637,0.0430987,0.292604,NA,NA,NA,NA,NA,"long_fast",1,"om","Deterministic","F1",48392,4676.68,0.074122,1.36035,10,42,5.1,81086.5
85,49148.9,17671.4,0.534637,0.0431418,0.303065,NA,NA,NA,NA,NA,"long_fast",1,"om","Deterministic","F1",48392,4676.68,0.074122,1.36035,10,42,5.1,81086.5
86,50778.2,17833.7,0.534637,0.0431807,0.313111,NA,NA,NA,NA,NA,"long_fast",1,"om","Deterministic","F1",48392,4676.68,0.074122,1.36035,10,42,5.1,81086.5
87,52341.6,17982.5,0.534637,0.0432167,0.322752,NA,NA,NA,NA,NA,"long_fast",1,"om","Deterministic","F1",48392,4676.68,0.074122,1.36035,10,42,5.1,81086.5
88,53840.3,18119.2,0.534637,0.0432505,0.331993,NA,NA,NA,NA,NA,"long_fast",1,"om","Deterministic","F1",48392,4676.68,0.074122,1.36035,10,42,5.1,81086.5
89,55275.2,18244.9,0.534637,0.0432821,0.340841,NA,NA,NA,NA,NA,"long_fast",1,"om","Deterministic","F1",48392,4676.68,0.074122,1.36035,10,42,5.1,81086.5
90,56646.7,18360.7,0.534637,0.0433117,0.349298,NA,NA,NA,NA,NA,"long_fast",1,"om","Deterministic","F1",48392,4676.68,0.074122,1.36035,10,42,5.1,81086.5
91,57955.4,18467.3,0.534637,0.0433394,0.357367,NA,NA,NA,NA,NA,"long_fast",1,"om","Deterministic","F1",48392,4676.68,0.074122,1.36035,10,42,5.1,81086.5
92,59201.5,18565.5,0.534637,0.0433651,0.365052,NA,NA,NA,NA,NA,"long_fast",1,"om","Deterministic","F1",48392,4676.68,0.074122,1.36035,10,42,5.1,81086.5
93,60385.9,18656.1,0.534637,0.0433889,0.372354,NA,NA,NA,NA,NA,"long_fast",1,"om","Deterministic","F1",48392,4676.68,0.074122,1.36035,10,42,5.1,81086.5
94,61509.2,18739.5,0.534637,0.0434109,0.379281,NA,NA,NA,NA,NA,"long_fast",1,"om","Deterministic","F1",48392,4676.68,0.074122,1.36035,10,42,5.1,81086.5
95,62572.6,18816.3,0.534637,0.0434312,0.385838,NA,NA,NA,NA,NA,"long_fast",1,"om","Deterministic","F1",48392,4676.68,0.074122,1.36035,10,42,5.1,81086.5
96,63577.6,18887.2,0.534637,0.0434499,0.392035,NA,NA,NA,NA,NA,"long_fast",1,"om","Deterministic","F1",48392,4676.68,0.074122,1.36035,10,42,5.1,81086.5
97,64525.6,18952.4,0.534637,0.0434671,0.397881,NA,NA,NA,NA,NA,"long_fast",1,"om","Deterministic","F1",48392,4676.68,0.074122,1.36035,10,42,5.1,81086.5
98,65418.6,19012.6,0.534637,0.0434829,0.403388,NA,NA,NA,NA,NA,"long_fast",1,"om","Deterministic","F1",48392,4676.68,0.074122,1.36035,10,42,5.1,81086.5
99,66258.5,19068,0.534637,0.0434975,0.408567,NA,NA,NA,NA,NA,"long_fast",1,"om","Deterministic","F1",48392,4676.68,0.074122,1.36035,10,42,5.1,81086.5
100,67047.4,19119,0.534637,0.0435109,0.413431,NA,NA,NA,NA,NA,"long_fast",1,"om","Deterministic","F1",48392,4676.68,0.074122,1.36035,10,42,5.1,81086.5
